Workbook

Sheet 宝信润山店
A1: 徐州喜果供应链管理有限公司（蔬菜）供应商编号；200477
A2: 门店名：丰年- 宝信润山店 发货日期：5.24下午 采购专员：果果 15371630360 | Q2: 收货门店填写
B3: 报价表上复制黏贴 | L3: 按实际净果填写 | N3: 斤/系数+筐皮*箱数 | R3: 报价表上引用 | S3: 净果数量*净果单价 | U3: 净果单价*（1-损耗） | V3: 金额/去损后重量
A4: 序 号 | B4: 商品 编码 | C4: 产品名称 | D4: 去损率 | E4: 订单量 （kg） | F4: 供货量（斤） | G4: 系数 | H4: 供货量 | I4: 箱数 （箱） | J4: 单箱筐皮重量 （kg） | K4: 筐皮 数量 （kg） | L4: 毛重数量 （kg） | M4: 净果数量 （kg） | N4: 按报价单价 （元/kg） | P4: 供货金额 | Q4: 门店实收 重量 （kg） | R4: 单价 （元/kg） | S4: 实收金额 | T4: 备注
A5: 1 | C5: 瓠子 | E5: 2 | F5: 6.3 | G5: 2 | H5: =F5/G5 -> 3.15 | K5: =I5*J5 -> 0 | L5: =H5+K5 -> 3.15 | M5: =H5-(H5*D5) -> 3.15 | N5: =VLOOKUP(C5,[1]蔬菜!$B:$F,5,0) -> 5.7 | O5: =N5/0.95 -> 6 | P5: =M5*O5 -> 18.9 | S5: =Q5*R5 -> 0
A6: 2 | C6: 韭菜苔 | E6: 1 | F6: 3.1 | G6: 2 | H6: =F6/G6 -> 1.55 | K6: =I6*J6 -> 0 | L6: =H6+K6 -> 1.55 | M6: =H6-(H6*D6) -> 1.55 | N6: =VLOOKUP(C6,[1]蔬菜!$B:$F,5,0) -> 6.2 | O6: =N6/0.95 -> 6.5263158 | P6: =M6*O6 -> 10.115789 | S6: =Q6*R6 -> 0
A7: 3 | C7: 鲜花生红米带泥 | E7: 2.5 | F7: 5 | G7: 2 | H7: =F7/G7 -> 2.5 | K7: =I7*J7 -> 0 | L7: =H7+K7 -> 2.5 | M7: =H7-(H7*D7) -> 2.5 | N7: 9.4 | O7: =N7/0.95 -> 9.8947368 | P7: =M7*O7 -> 24.736842 | S7: =Q7*R7 -> 0
A8: 4 | C8: 鲜玉米外地 | E8: 10 | F8: 7 | G8: 2 | H8: =F8/G8 -> 3.5 | K8: =I8*J8 -> 0 | L8: =H8+K8 -> 3.5 | M8: =H8-(H8*D8) -> 3.5 | N8: =VLOOKUP(C8,[1]蔬菜!$B:$F,5,0) -> 3.8 | O8: =N8/0.95 -> 4 | P8: =M8*O8 -> 14 | S8: =Q8*R8 -> 0
A9: 5 | C9: 油麦菜（精品） | E9: 2 | F9: 7.2 | G9: 2 | H9: =F9/G9 -> 3.6 | K9: =I9*J9 -> 0 | L9: =H9+K9 -> 3.6 | M9: =H9-(H9*D9) -> 3.6 | N9: =VLOOKUP(C9,[1]蔬菜!$B:$F,5,0) -> 5.5 | O9: =N9/0.95 -> 5.7894737 | P9: =M9*O9 -> 20.842105 | S9: =Q9*R9 -> 0
A10: 6 | C10: 青尖椒 | E10: 2 | F10: 4 | G10: 2 | H10: =F10/G10 -> 2 | K10: =I10*J10 -> 0 | L10: =H10+K10 -> 2 | M10: =H10-(H10*D10) -> 2 | N10: =VLOOKUP(C10,[1]蔬菜!$B:$F,5,0) -> 4.4 | O10: =N10/0.95 -> 4.6315789 | P10: =M10*O10 -> 9.2631579 | S10: =Q10*R10 -> 0
A11: 7 | C11: 本地毛豆角 | E11: 3 | F11: 6 | G11: 2 | H11: =F11/G11 -> 3 | K11: =I11*J11 -> 0 | L11: =H11+K11 -> 3 | M11: =H11-(H11*D11) -> 3 | N11: =VLOOKUP(C11,[1]蔬菜!$B:$F,5,0) -> 11.4 | O11: =N11/0.95 -> 12 | P11: =M11*O11 -> 36 | S11: =Q11*R11 -> 0
A12: 8 | C12: 菜花 | E12: 10 | F12: 58 | G12: 2 | H12: =F12/G12 -> 29 | K12: =I12*J12 -> 0 | L12: =H12+K12 -> 29 | M12: =H12-(H12*D12) -> 29 | N12: =VLOOKUP(C12,[1]蔬菜!$B:$F,5,0) -> 2.4 | O12: =N12/0.95 -> 2.5263158 | P12: =M12*O12 -> 73.263158 | S12: =Q12*R12 -> 0
A13: 9 | C13: 大黄瓜鲜花 | E13: 20 | F13: 40 | G13: 2 | H13: =F13/G13 -> 20 | K13: =I13*J13 -> 0 | L13: =H13+K13 -> 20 | M13: =H13-(H13*D13) -> 20 | N13: =VLOOKUP(C13,[1]蔬菜!$B:$F,5,0) -> 1.76 | O13: =N13/0.95 -> 1.8526316 | P13: =M13*O13 -> 37.052632 | S13: =Q13*R13 -> 0 | T13: 1
A14: 10 | C14: 山药 | E14: 10 | F14: 45.2 | G14: 2 | H14: =F14/G14 -> 22.6 | K14: =I14*J14 -> 0 | L14: =H14+K14 -> 22.6 | M14: =H14-(H14*D14) -> 22.6 | N14: =VLOOKUP(C14,[1]蔬菜!$B:$F,5,0) -> 5 | O14: =N14/0.95 -> 5.2631579 | P14: =M14*O14 -> 118.94737 | S14: =Q14*R14 -> 0
A15: 11 | C15: 本地豆角 | E15: 3 | F15: 9.4 | G15: 2 | H15: =F15/G15 -> 4.7 | K15: =I15*J15 -> 0 | L15: =H15+K15 -> 4.7 | M15: =H15-(H15*D15) -> 4.7 | N15: =VLOOKUP(C15,[1]蔬菜!$B:$F,5,0) -> 7.2 | O15: =N15/0.95 -> 7.5789474 | P15: =M15*O15 -> 35.621053 | S15: =Q15*R15 -> 0
A16: 12 | C16: 白萝卜 | E16: 7 | F16: 30 | G16: 2 | H16: =F16/G16 -> 15 | K16: =I16*J16 -> 0 | L16: =H16+K16 -> 15 | M16: =H16-(H16*D16) -> 15 | N16: =VLOOKUP(C16,[1]蔬菜!$B:$F,5,0) -> 1.4 | O16: =N16/0.95 -> 1.4736842 | P16: =M16*O16 -> 22.105263 | S16: =Q16*R16 -> 0
A17: 13 | C17: 紫甘蓝 | E17: 2 | F17: 5.5 | G17: 2 | H17: =F17/G17 -> 2.75 | K17: =I17*J17 -> 0 | L17: =H17+K17 -> 2.75 | M17: =H17-(H17*D17) -> 2.75 | N17: =VLOOKUP(C17,[1]蔬菜!$B:$F,5,0) -> 2.2 | O17: =N17/0.95 -> 2.3157895 | P17: =M17*O17 -> 6.3684211 | S17: =Q17*R17 -> 0
A18: 14 | C18: 新蒜苔青泡 | E18: 2 | F18: 5.1 | G18: 2 | H18: =F18/G18 -> 2.55 | K18: =I18*J18 -> 0 | L18: =H18+K18 -> 2.55 | M18: =H18-(H18*D18) -> 2.55 | N18: =VLOOKUP(C18,[1]蔬菜!$B:$F,5,0) -> 9.4 | O18: =N18/0.95 -> 9.8947368 | P18: =M18*O18 -> 25.231579 | S18: =Q18*R18 -> 0
A19: 15 | C19: 新洋葱 | E19: 10 | F19: 19.4 | G19: 2 | H19: =F19/G19 -> 9.7 | K19: =I19*J19 -> 0 | L19: =H19+K19 -> 9.7 | M19: =H19-(H19*D19) -> 9.7 | N19: =VLOOKUP(C19,[1]蔬菜!$B:$F,5,0) -> 1.74 | O19: =N19/0.95 -> 1.8315789 | P19: =M19*O19 -> 17.766316 | S19: =Q19*R19 -> 0
A20: 16 | C20: 大力生菜精品 | E20: 10 | F20: 20 | G20: 2 | H20: =F20/G20 -> 10 | K20: =I20*J20 -> 0 | L20: =H20+K20 -> 10 | M20: =H20-(H20*D20) -> 10 | N20: =VLOOKUP(C20,[1]蔬菜!$B:$F,5,0) -> 5.44 | O20: =N20/0.95 -> 5.7263158 | P20: =M20*O20 -> 57.263158 | S20: =Q20*R20 -> 0
A21: 17 | C21: 长茄子精品 | E21: 5 | F21: 11.1 | G21: 2 | H21: =F21/G21 -> 5.55 | K21: =I21*J21 -> 0 | L21: =H21+K21 -> 5.55 | M21: =H21-(H21*D21) -> 5.55 | N21: =VLOOKUP(C21,[1]蔬菜!$B:$F,5,0) -> 1.66 | O21: =N21/0.95 -> 1.7473684 | P21: =M21*O21 -> 9.6978947 | S21: =Q21*R21 -> 0
A22: 18 | C22: 散海味菇 | E22: 3 | F22: 12 | G22: 2 | H22: =F22/G22 -> 6 | K22: =I22*J22 -> 0 | L22: =H22+K22 -> 6 | M22: =H22-(H22*D22) -> 6 | N22: =VLOOKUP(C22,[1]蔬菜!$B:$F,5,0) -> 5.4 | O22: =N22/0.95 -> 5.6842105 | P22: =M22*O22 -> 34.105263 | S22: =Q22*R22 -> 0
A23: 19 | C23: 口蘑（盒） | E23: 4 | F23: 4 | G23: 1 | H23: =F23/G23 -> 4 | K23: =I23*J23 -> 0 | L23: =H23+K23 -> 4 | M23: =H23-(H23*D23) -> 4 | N23: 4.5 | O23: =N23/0.95 -> 4.7368421 | P23: =M23*O23 -> 18.947368 | S23: =Q23*R23 -> 0
A24: 20 | C24: 鲜香菇散 | E24: 1 | F24: 2.4 | G24: 2 | H24: =F24/G24 -> 1.2 | K24: =I24*J24 -> 0 | L24: =H24+K24 -> 1.2 | M24: =H24-(H24*D24) -> 1.2 | N24: 13 | O24: =N24/0.95 -> 13.684211 | P24: =M24*O24 -> 16.421053 | S24: =Q24*R24 -> 0
A25: 21 | C25: 旱黄瓜 | E25: 1 | F25: 12 | G25: 2 | H25: =F25/G25 -> 6 | K25: =I25*J25 -> 0 | L25: =H25+K25 -> 6 | M25: =H25-(H25*D25) -> 6 | N25: 13.2 | O25: =N25/0.95 -> 13.894737 | P25: =M25*O25 -> 83.368421 | S25: =Q25*R25 -> 0
A26: 合计： | M26: 不含税总金额 | P26: =SUM(P5:P25) -> 690.01684 | S26: =SUM(S5:S24) -> 0
A27: 1 | C27: 栈板
A28: 2 | C28: 大框
A29: 3 | C29: 小筐 | E29: 1
